ali_alghifari27,
royalkarimunjawa_tour,
inikataku28,
_kelvinarisandy,
daulay_iwan,
unyil027_,
iismulyawati24,
stennaaaaa,
nakamoevoto,
jamaluddinazizhasibuan,
banjoemas_rongsoek,
muhammadjunaedy04,
meliandby,
rf.raihankids,
melladr,
m.s.hidayatullah.5496,
bless.atkshop,
difotorendi,
natashaestelle,
jkt_hijrah,
ryanaulia_27,
wiels_andi,
syem18_07,
j.a.n.e_s,
azkia_collections_,
ffbrihdyat27,
yukkytraffic,
yusron.syf,
acepmiftah22,
arahan_promil,
eplrfk,
arieafriansyah07,
supplement.supergrowup,
irvansabana,
bumbumcantik,
dewiie_antasena,
anchafortunahoki,
aunillah25,
thoriqff,
nastya_chusi,
teungkusyahrulramadhan,
waanabihi,
anita_febriyanti_ita,
shmzxx,
irfanbahtiar,
mujiyembni,
alvnrhmn,
aldositopu86,
febrianadit18,
fafaa11_,
muhindin123,
nurulawaliah___,
kang_santri313,
asad.arifinspd,
sariputori,
wahyuaji_irhawan,
anastasyasimorangkir,
andiadhye86,
ramadhani.1717,
4uni4rissa,
pipitmakeover,
hyun56728,
ha_haddawi,
yohandasaputraa,
ayuagustyanti,
ucrublalih,
jakbeut,
aden_uj,
hezbull_,
aryantydiamond,
awgalleryy,
kuliner_asikpurwokerto,
mqspublishing,
grosirhijabfakhry,
yakinhijrah_official,
rizkytape,
maidacraft,
888rumahidaman,
rikobudisantoso,
nurrizkyfadilla_,
